id,topic,contributor,source_cell,text,gloss,expected,note
T01,taxi,P02,C3,"Fou le camp","Leave this place",ACCEPT,""
T02,taxi,P04,C5,"Yu no serios","You’re not serious",ACCEPT,""
T03,taxi,P05,C6,"Enlève ta brouette la sur la route","Remove your trash car from the road",REJECT,"Postposed 'la' (là, 'there') is spelled like the article 'la', so the single-tag lexicon reads it as DET."
T04,taxi,P06,C7,"Lef me for that achombo house","Drop me off and that local restaurant",ACCEPT,""
T05,taxi,P07,C8,"I get na 400","You are trying to bargain from the price the bike man gave you to 400",REJECT,"'na' works like a preposition/focus marker here; the grammar only models its copula use ('Na how')."
T06,taxi,P09,C10,"Na how","How are you",ACCEPT,""
E01,money,P02,E3,"Ne joue pas avec Mon argent salo","Don’t play with my money fool",ACCEPT,"French discontinuous negation ne...pas."
E02,money,P04,E5,"That do small","That money is small",REJECT,"'that' is a demonstrative used as a pronoun; the lexicon tags it DET (as in 'that achombo house') and a bare DET is not a noun phrase."
E03,money,P05,E6,"Gère moi non nkap","Give back my money",REJECT,"'non' (probably a typo for 'mon', kept as typed) is read as NEG, which cannot follow the object."
E04,money,P06,E7,"You get some twenty pongos for Dey ?","Do you have twenty thousand francs",REJECT,"'dey' is tagged VERB (as in 'Light no dey'); here it means a locative 'there', so the PP 'for Dey' fails."
E05,money,P07,E8,"I send my aza make you fund me fapnkolo","Should I send my account details so you can send me 5000frs",ACCEPT,"Two clauses joined by 'make'; 'fund' takes a pronoun then a noun (double object)."
E06,money,P09,E10,"A fit see some small 100k🤣🤣🤣","Could you please borrow me some money ,100k perhaps😭🤣",REJECT,"The clause itself is grammatical; the trailing emoji are invalid characters, which the lexer keeps and the parser rejects."
E07,money,P08,E9,"I drop aza?","Should I send my account details?",ACCEPT,"First line of a two-line form cell."
E08,money,P08,E9,"Fund my account abeg","Please can you send me some money",ACCEPT,"Second line of a two-line form cell."
R01,rain,P02,G3,"Na which bad luck this too nor?","What type of bad luck is this?",REJECT,"A wh-cleft with a noun-phrase complement after 'na' is not modeled: the copula only takes an adjective or adverb complement."
R02,rain,P04,G5,"Rain do worry bad","Rain is disturbing",REJECT,"Postverbal intensifier 'bad' is not modeled; after the verb it is read as the start of an object noun phrase."
R03,rain,P05,G6,"Massah yacob il fait froid","Places are cold",REJECT,"'yacob' is not in the vocabulary (unknown word)."
R04,rain,P07,G8,"Enter motomoto","Enter mud",ACCEPT,""
R05,rain,P08,G9,"Motomoto","Mud",ACCEPT,"Single noun fragment."
R06,rain,P09,G10,"Do rain so eh","This rain like this eh",REJECT,"'do' is used as a main verb here (weather 'do rain'), but the lexicon tags it as an aspect auxiliary."
R07,rain,P06,G7,"This rain so na weather four two and. A half","During this rainy season the rain and cold warrants you to cuddle up with a Partner",REJECT,"The postposed 'so' after the subject is not modeled; the utterance also has a mid-sentence full stop and unclear wording."
I01,internet,P02,I3,"Mtn Va tous nous montrer au pays ci","Mtn will show us all types of things in this country",REJECT,"The floating quantifier 'tous' between the auxiliary 'va' and the verb is not modeled."
I02,internet,P04,I5,"Network poor bad","The network is poor",ACCEPT,"Verbless predicate: noun followed by stacked adjectives."
I03,internet,P05,I6,"Orange et le réseau nkangian","Orange and weak internet",ACCEPT,"French 'et' joins two fragments."
I04,internet,P06,I7,"MTN ns craze","The isp called MTN has very poor service",REJECT,"'ns' is not in the vocabulary (unknown word)."
I05,internet,P07,I8,"Yehum MTN","Disappointed at MTN",ACCEPT,"Exclamation followed by a noun."
I06,internet,P09,I10,"Make single pole go offline make network cam back","Let single people go offline so we can have good network🤣",ACCEPT,"Two clauses joined by 'make'; verb + directional adverb."
K01,market,P02,K3,"Venez me tromper","Come and cheat me",REJECT,"Serial verbs ('venez' + 'tromper') are not modeled: after a verb and pronoun object no second verb is allowed."
K02,market,P04,K5,"Levam for this price","Leave it at this price",ACCEPT,"'levam' is 'leave am' written as one word."
K03,market,P05,K6,"Majumbum depuis longtemps","I have money since",REJECT,"A verbless noun phrase followed by a prepositional phrase is not modeled."
K04,market,P07,K8,"Last market","What they sell around the closing time of the market",ACCEPT,"Noun-phrase fragment."
K05,market,P08,K9,"Last price","Minimum price the seller can't go Below",ACCEPT,"Noun-phrase fragment."
K06,market,P09,K10,"Ei over deer","It’s too expensive",ACCEPT,"Exclamation + intensifier + adjective."
L01,electricity,P02,M3,"Massa Eneo","Ugh, this Eneo (a sigh of annoyance when Eneo cuts the electricity)",ACCEPT,"The form entry had no translation; this gloss was supplied by the project team."
L02,electricity,P05,M6,"E.N.E.O","Eneo has done it again",ACCEPT,"Written with full stops; the lexicon has a dotted entry for it."
L03,electricity,P07,M8,"Ndon ya SOCADEL","Disappointed at SOCADEL",ACCEPT,"'ndon ya' is treated as one two-word exclamation."
L04,electricity,P09,M10,"Light no dey","There’s no light",ACCEPT,""
C01,mobile_money,P05,O6,"Gère ton OM","Give me your orange money",ACCEPT,""
C02,mobile_money,P07,O8,"Abeg momo me","Please send me money through mobile money",ACCEPT,"'momo' is used as a verb ('send mobile money')."
C03,mobile_money,P09,O10,"Abeg momo me 2k","Please send me 2k via momo",ACCEPT,""
F01,food,P02,Q3,"La nouriture si dja","This food is nice",ACCEPT,"Tags for 'si' (COP) and 'dja' (ADJ) are inferred from the contributor's word-by-word gloss; please confirm."
F02,food,P05,Q6,"Chop rice chop rice","Eat rice and don’t touch my meat",REJECT,"Two juxtaposed imperatives with no conjunction are not modeled."
F03,food,P06,Q7,"I di find. Grind","I’m looking for food",REJECT,"The mid-utterance full stop is an invalid character for the grammar."
F04,food,P07,Q8,"U don chop?","Have you eaten?",ACCEPT,"Pidgin perfect marker 'don' + question mark."
F05,food,P09,Q10,"You get chop for house","Do you have any food at home",REJECT,"'chop' is tagged VERB (its usual use in this data); here it is a noun ('food') right after another verb, which a single-tag lexicon cannot resolve."
U01,fuel,P02,S3,"Fair vite nor","Do fast",ACCEPT,"Imperative + adverb + sentence-final particle."
U02,fuel,P05,S6,"Le carburant est chère","Fuel is expensive",ACCEPT,""
U03,fuel,P07,S8,"Petrol don short","The available amount of fuel can not go round",ACCEPT,""
U04,fuel,P09,S10,"Petrol don deer","Petrol is now so expensive",ACCEPT,""
O01,open,P05,U6,"Le pater la","The president",REJECT,"Same homograph as T03: postposed 'la' (là) is read as the article."
X01,taxi,P01,C2,"Taxi","",EXCLUDED,"Single word equal to the topic label; no translation given."
X02,taxi,P03,C4,"Taxi","Leave me at the junction",EXCLUDED,"Topic label in the phrase column; the 'meaning' looks like the real utterance (columns appear swapped)."
X03,money,P03,E4,"Money","Lent me some money",EXCLUDED,"Same swapped-column pattern as X02."
X04,rain,P03,G4,"Rain","The roads are destroyed by the rain",EXCLUDED,"Same swapped-column pattern as X02."
X05,internet,P03,I4,"Poor network","Network is poor",EXCLUDED,"Same swapped-column pattern as X02."
X06,market,P03,K4,"Bargain","Reduce the price",EXCLUDED,"Same swapped-column pattern as X02."
X07,electricity,P03,M4,"Electricity","Light left since in the morning",EXCLUDED,"Same swapped-column pattern as X02."
X08,mobile_money,P03,O4,"Credit","",EXCLUDED,"Single word equal to the topic label; no translation given."
X09,open,P03,U4,"Food","Any new words",EXCLUDED,"Topic label with a non-answer as the meaning."
X10,open,P09,U10,"No","",EXCLUDED,"No translation given."
