word,kind,lang
drop,VERB,PDG
block,VERB,EN
take,VERB,EN
hala,VERB,PDG
dey,VERB,PDG
waka,VERB,PDG
sabi,VERB,PDG
chop,VERB,PDG
dash,VERB,PDG
mimba,VERB,PDG
driver,NOUN,EN
manager,NOUN,EN
junction,NOUN,EN
sala,NOUN,PDG
wahala,NOUN,PDG
njangi,NOUN,PDG
quartier,NOUN,FR
tchop,NOUN,PDG
gombo,NOUN,PDG
chantier,NOUN,FR
moto,NOUN,FR
clando,NOUN,FR
palabre,NOUN,FR
me,PRON,EN
you,PRON,EN
je,PRON,FR
il,PRON,FR
for,PREP,EN
at,PREP,EN
avec,PREP,FR
a,AUX,FR
an,DET,EN
the,DET,EN
my,DET,EN
mon,DET,FR
ma,DET,FR
le,DET,FR
la,DET,FR
and,CONJ,EN
but,CONJ,EN
et,CONJ,FR
mais,CONJ,FR
big,ADJ,EN
small,ADJ,EN
fast,ADJ,EN
bendskin,SLANG,PDG
hmmm,SLANG,PDG
garrr,SLANG,PDG
ekiee,SLANG,PDG
wanda,SLANG,PDG
